Well_BC	Well
ACCTAGTGCG	A1
GCATGTAAGA	A2
CTTATGCGTA	A3
GATTAAGCAC	A4
GGAGCAAACA	A5
TGTGTGACAA	A6
GCCATATCGT	A7
CTTGATCGCG	A8
AGCAGATGTG	A9
AGTCCTAGAG	A10
AAGAAAGACG	A11
ACATGAGCAA	A12
GAATCTCTTG	A13
CGTCTACGTC	A14
GGACTTACGC	A15
CGCAAGTCGA	A16
GGAGATTAAC	A17
CTATTTAGCG	A18
GCTAGATCAC	A19
GAATGTGCTC	A20
ACAGTAGCTC	A21
TGACTGCGAC	A22
CGAGTGTTGT	A23
GTTCTGTCGT	A24
CGTCAATAGT	B1
TGAATAGTGC	B2
CCGTATGTAG	B3
GGAAAGATAC	B4
ATGAGCCCAG	B5
TACGTCTTGC	B6
TATGCGTTAG	B7
AGAGTCATGC	B8
GAACTACGAA	B9
CATTGTCGTC	B10
TCTTACGTCA	B11
GGAAACTCCA	B12
GGATAGTGAG	B13
CTTGCGAACA	B14
GGATTCGAGT	B15
AGACGCATCG	B16
TGATTTCGTG	B17
GAGTATCGCA	B18
CACTGAGCTT	B19
TTAAGTGACG	B20
TTGAAGTCCT	B21
TCGCTGAAGT	B22
AGAACAGCCC	B23
CATTTGCGAT	B24
CCACGTCTAC	C1
TCTGTCGAAC	C2
GACGATAGAG	C3
GTGTAGATGA	C4
GTGAGACTCG	C5
TTTGTTGTGA	C6
CCTATCGTTC	C7
ATGAACGTGT	C8
CAGATTTCGA	C9
AGTGACAGCG	C10
GGACGAATTA	C11
AAGTGCTCGA	C12
GTAGTCGTAA	C13
AAGACCCGTT	C14
GTTCTCAGAT	C15
GGACAAGTCT	C16
GAGCATATTC	C17
GTCACGAGTG	C18
AAACACCGAG	C19
TGAGAGACGC	C20
GGAGTGACTT	C21
GACCAGCTAT	C22
CATCGTTCAA	C23
GAAACACAAC	C24
CAGAAGTGAA	D1
TTCATGCGAT	D2
CACACTAGCG	D3
ACACCCGTCA	D4
CTGTGCATCG	D5
GACGTGTACA	D6
GATAAGCTGA	D7
TGAGCAGTTA	D8
TGTGTGTGTC	D9
GGGATCATTG	D10
ATCAAGAACG	D11
TGAGCTTAGT	D12
CCAAGACGTG	D13
TCTCGTGATG	D14
GAGCCTTTGA	D15
ATCGCGTTGT	D16
CTAGACGACC	D17
TCGAATAGCA	D18
GTGCGACATT	D19
TGATCACCCT	D20
AGCCTCGAAA	D21
GATGACACGA	D22
GGACTCCCTA	D23
GGGAGTTGAT	D24
AACGAGCCTG	E1
CTACATGTCG	E2
GTGTAACAGC	E3
AAACGTCTCA	E4
CATAACGAGA	E5
GTAACCCAGA	E6
CATCGTATGC	E7
TGCAAAGCAC	E8
ATGCTCATAG	E9
AAGCCGATAA	E10
GAAGTTCCGT	E11
TAGAGATCCG	E12
AGTTCCGTGA	E13
GGACACTTTG	E14
GAGTTATGTG	E15
CAGAGTCCTT	E16
AAGTGTGACT	E17
TTAATGCAGC	E18
TAAGCCGTGT	E19
AACCCTGCGT	E20
GGAGCCATAT	E21
CGTTAGAGAA	E22
TCCTCTGTCG	E23
TCCGTTAGCG	E24
AGCTGTGTTT	F1
GATAGCTACG	F2
TCGTGCAGAC	F3
AATCTTGTCG	F4
CCGAGCAATT	F5
CGTCCTGTTC	F6
CCCGTCACAT	F7
TGCAGTGTCA	F8
ACGCATCGAT	F9
TATCAGTCGC	F10
CTCGTCTCTC	F11
GAACTAATCG	F12
AATGATGAGC	F13
ATCGTCAATG	F14
CGTAAAGCCG	F15
CGATGAGTCG	F16
TAGCTCGTTG	F17
AGCACGTTTA	F18
TTTCGACGTA	F19
TGCACAGAGA	F20
GCATTGATCT	F21
GCAACGACTC	F22
AAAGTGTGTG	F23
AGCTAAGATG	F24
CGCTTCAGTG	G1
AGAGTGCAAA	G2
GTAGCAAGAG	G3
CCGCTAGATC	G4
CCTGCGTATT	G5
ACCGACGTAA	G6
ACTAGCACGT	G7
TAACCAGATC	G8
TCAGATTGAG	G9
ATGCAGTAGA	G10
GACTTAGCCG	G11
TAAGCACGCA	G12
TTAACGTCTG	G13
CCCAGATCTA	G14
AAGCAGCACT	G15
CGTTGAACTG	G16
GAGCAACCTG	G17
GTCTTGTCAA	G18
TACCCGAGCA	G19
AAGATGCTAC	G20
CAGTTGAGCC	G21
TAGTCCGACG	G22
GGAATACCAG	G23
TCGTGTACCT	G24
TTGAGCCATC	H1
GATTCGACAA	H2
CGAAGCCTTT	H3
AACATGCAGA	H4
ACGACGAGCT	H5
CCAAGTGCAT	H6
TCGTCTCCGA	H7
GACCGAGAAC	H8
GTAGATAGCC	H9
CCCGAAGATT	H10
GAAGCTGTCC	H11
ACTGCGATGA	H12
ACGTAATCAG	H13
TATCGCCTCC	H14
TCCCTCGTGA	H15
TCGAGAGAAT	H16
GAGAAGAACC	H17
GATACCGTTG	H18
CTTAGTGTCC	H19
AGTTGCGAAG	H20
GTTCGTACTC	H21
GTGATCCGAA	H22
AATCGCCCTA	H23
TGCTTTGCGA	H24
AGTGTCTCCC	I1
CGTCACTCTA	I2
GGAATGTATG	I3
TTCTAGCAAG	I4
GGCCAATCAA	I5
TATCGCACAG	I6
AATGCGTACC	I7
CAGCCATGAG	I8
AACTCGTGAA	I9
GGACCTTGCT	I10
GAGAGTAAGT	I11
TTCCAAAGCG	I12
CCAGAGAAAC	I13
TAGTGAGTCA	I14
GTTTGCGTTC	I15
TCTGCCCAGA	I16
CGTCAGCAAC	I17
GGATCTAAAG	I18
TACCAACGTC	I19
TACGATCTCT	I20
CGTCTTTACA	I21
CCTAGAATCG	I22
GTTTGAGCCA	I23
CTAGCCTCGA	I24
GAAAGCAGTG	J1
TTTGAGAGCT	J2
GCGTACTTGT	J3
AGCTATCTCG	J4
AGCCCGATCT	J5
GCAGTAGAAG	J6
GAATACACCT	J7
GGACCGTTAA	J8
GAGTGAATAC	J9
CGACGAACAC	J10
ACAAAGAGAG	J11
AGAAATCGTC	J12
GCGAGCTGTA	J13
GAGTGTTTCG	J14
GTTGAGTGTG	J15
TCTACTGCGT	J16
GTAGACCTGT	J17
AAGACGTCAT	J18
TGCACATTCG	J19
ATCAGCGCGA	J20
TTCCGTAAGA	J21
GCAAATCTTT	J22
ATGTTGCACA	J23
ACCCGTGTAG	J24
TCGAACCTCG	K1
GTCTGAAGAA	K2
CTGAAACGAG	K3
CCAGTCGATA	K4
CCGAAGTTGC	K5
AAAGACTTCG	K6
ACGTTTGATG	K7
GAGCCGAGTT	K8
GAGCTTGATA	K9
TGTAGTTGCG	K10
TGTGTCCATG	K11
GGATAGCCGT	K12
CCCATTGAGA	K13
GAGCCCTAAC	K14
GGATGATGCA	K15
TCAGCGTACG	K16
TACGAGTGAC	K17
ATGCTTCGTC	K18
CCTCGCAAGA	K19
GACCGTTGTC	K20
GAATCCTACA	K21
ATGTCGCGTG	K22
AGTGACGATT	K23
ACATCCATGT	K24
GACTCGTCCT	L1
GCAAATGAGC	L2
GAACGCAAAT	L3
GACGACGTTC	L4
AACAACTCAG	L5
TTGTCAGTGT	L6
GTTAAACGTC	L7
GCTTCGCTTT	L8
GATTGTAACC	L9
GGATACAATC	L10
TAAATCGCCT	L11
CAATTGTTCG	L12
CAGCTACAGA	L13
TCTTAGAGTG	L14
AACGTCAGCC	L15
CATGTACTTG	L16
AATTCAAGCG	L17
GTATCCCGTC	L18
GGGAGAACAA	L19
ACGTAACGTA	L20
GGCGTATGAC	L21
ATTGCGAGTC	L22
GCCTTCCAGA	L23
CCTCTGAGCA	L24
GCCAAGTGTC	M1
GCCAACAGAA	M2
TGACCACAAG	M3
AAGATTTGCC	M4
CTTTCGTGAC	M5
TTAGCGCCAA	M6
GTTCGTGAAA	M7
TAACTGCATG	M8
CTCGATGTGT	M9
TCGTGCCTTA	M10
GTTGTGCTAT	M11
CTGTGTAGAT	M12
CCCTGTTGTG	M13
CGCCGATATC	M14
GGATTTCTAC	M15
TTCCGAGCCT	M16
AACATTCGTG	M17
TTGCATGATC	M18
GTCATAGACA	M19
CAGTGTCAAG	M20
GACGTTGAAT	M21
ACAATGCGTT	M22
CCGTCATACC	M23
TTATCGTGCA	M24
GAGCCTCCAT	N1
TAATGCGAAA	N2
TTGCAACTGA	N3
GAAAGTTTGC	N4
GGAACAACGT	N5
CATGACATCT	N6
CACAAACAAA	N7
AATAGCCGAC	N8
ATCGTAGCAT	N9
CGTAAGTGTT	N10
TCACGTCAGT	N11
GCCTTAATGC	N12
GCTCCATCGA	N13
GGACCTCATC	N14
TGTAGACACT	N15
ACGTCTAAAC	N16
CTCCAGAGTC	N17
CTGAAGAAGT	N18
CATTCGATTG	N19
GCACATCAAG	N20
GTCAGTTCTT	N21
CTGAGCTAAA	N22
CGACTCGTAG	N23
TAAGTTCACC	N24
ACTAAAGTGC	O1
CAAGAATGTC	O2
TAATAGCCCG	O3
TTCGTCTGAA	O4
CTTCCCGAAG	O5
CAAAGCTCGT	O6
ATGAGCTTCC	O7
GGGAGTATCC	O8
CGAAGTTTAG	O9
CAATCACTGA	O10
AGTTGTCGCT	O11
ATAGAACCGC	O12
TTATGAGCTG	O13
CGAAATCACT	O14
CGTCTCAATT	O15
TATCGCTGTT	O16
AGTACGACCA	O17
GTGCATTCAG	O18
GAAATGCCCA	O19
TCACGAAGCC	O20
ACGCCTATCG	O21
AACGCTTAGA	O22
AGTAATGCGA	O23
AGACGACTGT	O24
CAAGAAGCAG	P1
ACAGTTCGAC	P2
ACAAGATCCT	P3
GCGTTCTACG	P4
GTCACCTGAC	P5
GGCGTAGCTA	P6
ACTGATTCTG	P7
TCAGAGTTTC	P8
TGAGACCGAT	P9
AGAATCCGCG	P10
CGATTCGCTC	P11
CGACGTAATG	P12
CACGAGAAGA	P13
GGCATCGTAC	P14
GCGTTTGTCA	P15
CCCTAAAGAG	P16
GCTACCTAGC	P17
TTCGAGTTCG	P18
ACTGACCGTC	P19
CTGTCTTGTA	P20
ACGTCTTCTT	P21
CCACCGAGAT	P22
CGATATCCAA	P23
GTACCGAACG	P24